가문의 우동,도토리칼국수,내가찜한닭,타코벨,제주돈1848,미도인,백채김치찌개,홍대돈부리,백소정,봉추찜닭
맛집이라는 단어가 없던 2008년부터 오던 맛집입니다! 추억보정인가 싶었는데 오랜만에 와도 여전히 너무 맛있네요. 꾸준히 연구하시는것 같아요. 음식이 기본이 튼튼하고 맛있는데 가성비까지 너무 좋아요.,"신촌에서 찾은 착한 가격의 숨은 맛집-!사장님이 진짜 친절하세요ㅠㅠ칼국수 면발이랑 국물 넘넘 맛있습니다,, 마지막에 죽까지 먹어주면 아주나잇스~~","맛있어요,양이쫌아쉽",귀한 타코벨🥹❤️❤️더많이생겼으면 좋겠어요ㅠㅠ 콤보나 세트메뉴 너무 맛있고 가성비로 타코먹기에 최고입니다👍👍,오겹살 두툼쫀득 맛있었어요고기만 보면 재방문의사있음‼️(사장님 요날만 그랬는지.. 된찌가 좀 셨어요. 야채 한번 체크해보셔야 할듯해요~!),미도인은 여러곳을 방문해봐서 알고~믿고 먹는 맛집이예요^^ 신촌갔다가 미도인이 있어서 친구랑 방문했는데~ 역시 맛있게 먹고 왔어요~ 잘먹었습니다,딴 반찬 필요없구 딱 김치찌개 하나로 승부! 계란말이도 푸짐하니 좋아요 😀,가츠동소바세트 주문했습니다. 가츠동과 판모밀이 나오는 구성인데 둘 다 양이 아주 푸짐했어요. 양이 부족하면 말해달라고 하셨는데 충분히 많았습니다. 판모밀이라서 면을 조금씩 담가서 먹을 수 있어서 좋았고 맛도 괜찮았습니다. 가츠동은 단짠 양념이 돈까스와 잘 어울려서 정말 맛있게 먹었어요. 다음에 방문하면 다른 덮밥들도 먹어보고 싶습니다.,"연세대 맛집 백소정에서 돈카츠 소바 세트와  냉소바 세트를 저녁으로 먹었어요. 🍱 머쉬룸 포크 카레는 블랙퍼스트 카레 느낌이라 아주 맛있었고, 카레의 맛이 강하지 않으면서도 버섯과 고기가 들어 있어 풍미가 깊었어요. 🍛 특히 치즈가 듬뿍 들어간 포크 카레는 치즈의 풍미가 입안 가득 감돌아 정말 맛있었습니다! 🧀 연세대 맛집 많지만 백소정  고급스런 느낌의 돈카츠 소바맛집이에요!!",너무 배고파서 사진 대충 한 장만 찍고 바로 먹었어요😂 평소에도 찜닭 너무 좋아하는데 역시 봉추찜닭.. 기대를 저버리지 않네요 매운맛 기본으로 했는데 딱 적당히 매콤했고 너무 맛있었습니다😋 특히 제가 좋아하는 양파가 아주 큼직큼직하게 많이 들어있어서 마음에 들었어요! 다음에 또 생각나면 갈게요👍
"자리에서 테이블링 어플로 주문하는 시스템이라 편했어요. 냉소바 세트 주문했는데 사진에는 밥이 있지만 나오진 않았습니다. 냉소바도 돈까스도 양이 푸짐했어요. 소바 육수 살얼음도 너무 좋고 익힌 정도도 적당해서 맛있었습니다. 돈까스는 바삭하고 두툼했는데 기름을 좀 머금고 있어서 느끼함이 있었습니다. 장소 이전 후 매장이 밝고 깨끗해졌는데, 환기는 잘 안되는 것 같았어요. 옷에 튀김 냄새가 심하게 배어서 좀 아쉬웠습니다.",오랜만에 갔는데 여전히 맛있네요 ! 잔반 없이 다 먹으면 주시는 죽까지 맛있습니다 :),내찜닭 로제는 처음인데 맛있네요~!~ 😋😋😋,타코벨이 너무 먹고 싶어서 신촌점까지 왔습니다! 주문도 빠르고 맛도 좋았어요 ^^ 또 오고 싶어요!,"여기 예전부터 다닌집인데, 오랜만에 방문했는데도 맛이 그대로...너무너무 맛있어요! 이런데가 왜이렇게 리뷰가 없는지 모르겠네요. 정말 강추드립니다. 오겹이랑 항정살 너무맛있고, 칡냉면도 정말 맛있어요!!! 많은 분들께 알려져서 오래오래 하셨음 좋겠어요😍",여기 맛있어요. 다음엔 한정메뉴 먹어보러 12:00 까지 와보겠어요.,김치찌개가 너무 깔끔하고 너〰️〰️무 맛있어요😍😋♥️😊,"지난 번에 맛있게 먹어서 재방문 했어요. 믹스가츠동 주문했는데 새우도 큼직하고 돈까스도 괜찮고, 가츠동 소스도 짭짤 달달해서 맛있게 먹었습니다. 근데 날이 너무 더워서일까요. 단무지를 먹었는데 약간 쉰맛이 느껴졌어요. 오해일까 싶어 하나 더 먹어봤는데 확실히 맛이 좀 이상했습니다. 확인이 필요할 것 같습니다.",신촌연대맛집 찾아 처음 맛봤는데 카라이 매운 마제소바 살짝 매콤하면서 감칠맛나요 쫄깃한 면발도 맛있고 남은 소스에 쌀밥 비비면 또 다른 느낌으로 맛있네요 유명하다는 마제소바 몇 군데 먹어봤는데 백소정 맛있네요👍 가라아게붓가케우동도 시원하면서 감칠맛이 좋아요 돈카츠는 등심 부위인데 잘 튀겨서 그런지 부드러워요 카레는 버터 풍미 장난 아니네요 맛없는 게 없는 식사였습니다!,소자는 요즘너무 작아서 중자 먹었어요 맛있었어요 김치가 국내산인줄 알고 먹었는데 영수증보니 ○○산이라고 되어있어서 좀 찝찝..
김치카츠나베 주문했습니다. 맵찔이도 안전하게 먹을 수 있을 정도의 맵기이고 달달한 편인 것 같아요. 돈까스도 맛있고 위에 살짝 뿌려진 치즈도 조화가 좋았습니다. 맛있게 잘 먹었어요!,샤브샤브 칼국수 1인분 12000원 아주 끝내줍니다 양이 어찌나 많던지 볶음밥 못 먹고 나온 게 한이네요 국물은 맑으면서도 자꾸만 입으로 들어가는 맛이고 면발은 쫄깃쫄깃하며 냄새가 안 나서 좋았습니다 유독 버섯이 수상하리만큼 맛있었는데 알고 보니 매일 새벽 산지 직송 싱싱한 버섯이라고 합니다 다만 혼자 그림자처럼 조용히 밥 먹고 사라지고 싶은 분들은 가지 마세요 사장님 내외께서 굉장히 사교적이시고 유머러스하십니다 에너지가 넘치시도록 친절하십니다 내부 공간에 92석 정도 있다고 하니 단체 손님도 끄떡 없겠습니다 개인적인 소회로는 개강파티를 여기서 하고 싶네요,찜닭 생각나면 늘 가요 내찜닭!,직원분이 친절하셔서 맛있게 식사했습니다 :),너무 맛있게 먹어서 사진도 안찍고 먹었는데진짜 맛있고 가성비 좋아요.. 오겹살 이런 퀄리티인데 이 가격에 파는 집을 신촌에서 볼 줄이야..ㅋㅋ 제가 감동받아서 돌아와서 영수증 다시 받아와서 리뷰 남겨요. ㄹㅇ 광고아니고 찐입니다~ 멜젓도 고기에 찍어먹으면 맛나다는거 처음 느꼈어요!,대창큐브스테이크덮밥은 꼭 드세요 정말 맛있습니다♡♡,맛은 적당히 괜찮은 편인데 양이 어마무시 하네요😲😲,간만에 지인분들하고 들렸는데 맛있네요 ㅎ,아이랑 점심 먹으러 왔는데 너무 맛있어요!  치즈카츠는 비주얼만으로 대박인데 치즈 쭉쭉 늘어나고 고소하고 맛있어요^^  마제소바는 처음 먹어봤는데 맛있게 먹는법 테이블에 써있어서 참고해서 먹어봤어요 ㅋ 그냥 비벼먹어도 맛있고 다시마식초 뿌려 먹어도 새콤하고 특이한게 맛나요!  돈카츠는 두툼하고 바삭한데 안에 육즙이 살아있어요^^  신촌 맛집으로 완전 추천해요 👍🏻,예약하고 갔는데 음식도 금방나오고 너무 맛있게 먹었어요~
"맛있었어요! 슴슴하게 먹는 걸 좋아한다면 조금 짤수도 있는데, 제 입에는 괜찮았어요. 냉우동 면도 쫄깃하고 맛있습니다. 돈까스도 괜찮아요~",가성비 넘치고 맛있음!!,처음으로 로제찜닭 먹어봤어요! 걱정(?)했던것보다 너무 맛있었어요ㅋㅋㅋ 간장 고추장 로제 다 맛있네요🐔❤️,2층에 처음 와봤는데 넓고 쾌적하네요.,신촌 고깃집중에 제일 고기 질이 좋아요! 숯불에 구워먹는 생고기 스타일입니당 ㅎㅎ 토요일 저녁에 방문했는데 사람이 많지 않았어요 ㅠㅠ 더 유명해졌으면 좋겠어서 리뷰 씁니다~~ 고기 시키면 기본 반찬으로 된장찌개도 주시는데 이것도  맛있어요 신촌 고깃집으로 추천합니다,음식이 맛있어요! 스테이크 부드러워요! 맛있게 먹었어요!,어무니랑 맛있는 식사했어요☺️ 포슬포슬한 계란말이에 새콤달콤한 김치 싸먹는거 너무 맛도링💗💗배불러서 김가루에 밥 못 비벼먹은게 한입니다..,오랜만에 잘먹고갑니다.,"매장이 정말 넓고 깔끔해요! 혼밥하기에도 좋고 단체로 식사하기에도 좋습니다. 백소정은 마제소바랑 돈가스가 유명한 곳인데, 여기 지점도 정말 만족하면서 식사할 수 있었어요. 돈가스는 정말 두툼하고 부드러웠고, 마제소바 면발, 소스 모두 정말 맛있었어요!! 추천해요!",친동생이 봉추찜닭 지점들 중에 유독 신촌점이 맛있다고하네요.저도 맛있게 먹었습니다.p.S 사장님의 누룽지 서비스 다시한번 감사드립니다.
"가볍게 식사하고 싶어서 우연히 찾아서 갔는데 진짜 배 터지게 먹고 나왔어요 돈까스 튀김도 너무 바삭한데 고기도 두툼하고 부드럽고요, 장어덮밥은 식감이 진짜 너무 좋았어요 돈까스랑 장어덮밥 생각나면 여기로 방문할거 같아요 특히 많이 먹는 학생들이 온다면 딱일듯하네요 ㅎㅎ맛, 가격, 양 모두 최고예요👍👍","도토리 샤브 칼국수(12,000) 나름 특색있게 먹었어요.국물은 되게 맑고 삼삼한 느낌이고 샤브치곤 야채가 많이 없었지만 면발이 되게 많았던걸로 기억해요.. 칼국수만 먹어도 배불렀는데 그걸 다 먹어야 죽을 주신다고 하셔서 열심히 먹고 죽을 먹었네요.죽이 제일 맛있었어요! 도토리 때문인지 건강하게 한 끼 먹은 느낌",찜닭도 너무 맛있고 사장님도 친절해서 좋아요~,음식이 너무 맛있었습니다~,너무 막 먹어대느라 소갈빗살밖에 못 찍었는데ㅠㅠ 다 맛있어요...! 농담 아니고 저희 메뉴판에 있는 메뉴 다 먹었거든요ㅠ 고기메뉴들...근데 멜젓도 좋구...뭐 요새 것들처럼 많이 소스나 밑반찬 주진 않지만 그냥 고기에 딱 집중하신 느낌?! 쫄깃하구 육즙 넘치고 풍미 있고...동생이 이대생인데 만족했어요 ㅎㅎ,진짜 너무 맛있었어요. 또 오고 싶다라는 생각이 강력하게 드는 건 처음이에요! 다른 메뉴들도 먹어보고 싶어요😋,맛있어용!!! 올때마다 배부르고 맛있게 잘 먹고 갑니다,사케동을 원래 좋아하는데 신촌에 있는 사케동집 중에 여기가 제일 맛있어요! 자주 오는데 항상 친절하시고 음식도 빨리 나와서 공강 시간에 먹기도 좋은 것 같아요. 번창하세요☺️☺️,백소정 신촌점 다녀왔어요 등심카츠랑 치즈카츠 진짜 맛있어요고기에서 육즙이 팡팡 터지고튀김정도도 진짜 딱 적당했어요느끼하지도 않고 양도 푸짐합니다백소정 말이 필요없는 돈까스 맛집 브랜드죠에비텐어묵우동도 양 많고 새우 두툼하니 진짜 맛있어요추천!!,봉추찜닭 넘 맛있어요 :)
신촌에 올 일이 있을 때마다 방문하고 있어요 바테이블에서 혼밥하기 너무 좋고 음악도 무드있고 일단 맛이최고예요!! 지금 모든 메뉴 먹어보기 도전하고 있는데 오늘도 성공입니다 ㅎㅎㅎ 벌써 3번째 와서 잘 먹고 갑니다^☺️^,JustDoEat Mission Fun남자에게는 칼국수 양이 적은 듯국물에비벼주는 밥도 적은 듯 Just do eat!,굿~~,맛있게 잘 먹었습니다. 메뉴가 빨리 나와요.,맛있고 조용하고 잘 놀다왔어요 손님이 너무 없어서 폐점할까 걱정이에요,스테이크가 야들야들 맛 있었어요공기밥 부족시 더 주시고감사합니다,친절하세요,가격대비 양도 많고맛도 좋네요^~^새우튀김 실하고쇠고기 덮밥 양념도맛있고~,연대세브란스 왔다가 애들이랑 밥먹으러 돈까스 맛집 찾아왔어요점심시간 시작쯤 왔더니 다행히 기다리지도 않고 들어왔는데저희 뒤부턴 엄청 오시더라구요 유명한곳이구나 싶어서 잘왓다며 애들이 좋아했습니다돈까스 부드럽고 육즙이 살아있었고새우튜ㅣ김 소스랑 너무 잘어울리더라구요 하나 더 추가해서 먹었습니다; 냉우동 오랫만에 먹는데 육수가 다르긴 다르네요👍,맛있습니다
여럿이서도 혼자서도 가기 좋아요,콩국수 고소해요,"여기여기 맛있어요!!!! 치즈도 완전 넉넉하게 많이 넣어주시고 양 자체가 진짜 많앙ㅎ!!고추장, 안동 둘다 먹었는데 둘 다 맛있네요~",양이 적오진듯 하지만 맛있어요,고기 맛있어요,스테이크와 대창이 생각보다 많이 들어있어서 너무 맛있게 잘 먹었습니다! 넘 맛있었어요!!,맛있어요ㆍ,양도 많아서 좋았어요 !!,믿고먹는 신촌맛집 🫶 둘이서 메뉴 다양하게 먹고 싶었는데 세트구성 넘 좋아섴ㅋ 냉우동+에비텐 / 마제소바+돈카츠+카레로 메뉴뿌시고왔슴당ㅋㅋㅋㅋ 면진짜쫄깃해서 면메뉴 넘 추천드려여 돈카츠는 겉바속촉💝💝,굿이요
양이 진짜 많아요!!! 냉우동 너무 시원하고 모든 돈까스 바싹바싹해요. 음식 맛있게 먹었어요~ 🍴🫶🏼,짱 맛있어요👍사장님 친절하세요칼국수 다 먹으면 죽 만들어주세요 ㅎㅎ 칼국수 다 먹는 게 미션이래요,찜닭이 적당히 맛있어요. 근데 밥 안볶아줌 ㅎㅎ,배고픈데 건강하게 먹고 싶을 때(?) 자주 와요 넘 맛있어요 절대 사라지지마 제발 진심 제발 절대,고기맛닛어여,신촌벚꽂로에서 벚꽃을 바라보며 맛있게 식사했어요창가자리 분위기 너무 좋아요,언제가든 늘 맛있어요…!!!,👍,이미 여러번 갔고 보증된 신촌 찐 맛집입니다주기적으로 생각나는 곳.. ♥모든 메뉴가 맛있는데 돈까스가 진짜 대박이고세트메뉴로 시켜먹으면 푸짐하고 양도 많아서 저녁까지 배가 하나도 안고파요!모밀도 먹고 우동도 먹었는데 면발이 쫄깃하니 다른곳들이랑 차원이 다릅니다..앞으로도 쭉 방문할게요!,뼈있는 찜닭 소 주문. 날개와 봉이없음. 말하니깐 알바 그냥 말없이 가더니 주방에 날개랑 봉 안들었다는데요? 끝. 나와보는것도 말도 없음. 계산할때 돈 다 받고 날개 봉 없는건 어떻게 된거냐 물어보니 작게잘려서 내가 못본거라함. 날개를 어케 더 소분하냐 그리고 날개는 뼈모양이 다른데.하니 암튼 본사에서 준데로 준거라 모 해줄게 없다함. 싸가지 없고 눈탱이 치는 가게
냉우동 가격도 괜찮고 맛있어요! 가츠동도 소스가 맛있고 돈가스가 바삭바삭해서 좋았어요. 장소도 넓고 사장님이 친절하셔서 좋아요,"감사합니다.항상 좋은음식, 건강한 음식으로 보답하려고 노력하고 있습니다.음식물쓰레기가 하루에 ""14300톤""이 나온다는 소식을 접하고 결정한 것이 ""미션"" 입니다.미션을 통해서 얻은 결과는 ""미라클""입니다.하루 평균 1~2리터 뿐이 안 나옵니다.협조해 주신 고객들께 감사를 전합니다.1년동안 음식물처리비로 ""8000억""이 들어 간다고 합니다.힘을 모으면 충분히 해결 할 수 있다고 생각합니다.다시한번 협조해 주신 고객분들께 감사드립니다.",굿,오랜만에 먹는 타코벨 넘 맛나더라구요❤️,모임하는데 주차되는 고깃집 잘없는데 그점이 좋았답니다.고기도 아주 맛있습니다.김치말이냉면 국물도 아주 굿,보통 미도인에서는 스테이크 메뉴들을 자주 먹었는데 마제소바 가성비도 괜찮고 맛있었어요!,고기도 크고 밥도 맛있고 너무 만족스러운 식사였습니다!,진짜 크기랑 양에 깜짝 놀랐어요너무 맛있어요ㅠㅠㅠㅠㅠㅠㅠㅠㅠ그리고 너무 친절하셔여ㅠㅠㅠㅠㅠㅠ사장님 재오픈하신거라 하셨는데 꼭 잘되셔야 할분이에요 젊으신 사장님 응원할게요 !! 그리고 서울갈때마다 방문할게요!!!!,재방문 맛집이에요! 신촌에 은근 먹을 곳이 없는데 유일합니다.👍🏻😁 요즘같은 더운 날씨에 시원하고 쫄깃한 붓카케 우동에 육즙 나오는 잘 익은 돈카츠와 에비텐 모둠 돈카츠 둘 다 맛나요. 모든 메뉴가 다 맛있는 것 같아요!,봉추 맛 그대로예요!!!
저번에 모듬카츠 먹고 맛있어서 재방문해서 카레카츠우동 먹었는데 역시나 맛있네요 돈까스 먹고 싶으면 제일 먼저 생각나는 집이에요 다음엔 다른 거 먹으러 와봐야겠어요👍,느타리버섯과 치커리가 있는 샤브 칼국수인데 면이 독특한 도토리 면이에요 생각보다 찰기 있고 맛있어요 국물 맛은 맵거나 칼칼하기보다 된장맛이 느껴졌어요 앞접시까지 싹 비워야 서비스 죽을 준다고 하셔서 싹싹 긁어먹었네요ㅋ 죽은 300번 저으라고 하심ㅋㅋ 샤브 칼국수는 죽까지 먹어줘야죠👍,순살 안동 찜닭으로 먹었고 치즈추가 했어요!사장님 넘넘 친절하셔서 동료들과 즐거운 식사였습니당:-),타코벨 넘맛잇오 매장 2층까지있어 넓어여,인생 최고 고기 맛집신촌에서는 탑이라 생각함 👍항상 재방문 하는 맛집 😋,비오는날  맛있게 잘먹었어요부채살 불맛도 나고 부드럽네요피클도 맛있어요 색감이 예쁘네요,제일 중요한 배추가 국산이라 좋아요,직원 분들도 친절하시고 시원해요 맛있게 먹었습니당,"신촌 정갈한 일본 가정식당이에요. 마제소바랑 돈카츠가 특히 유명하구요, 세트 메뉴 구성도 좋고 양도 많아서 일식 먹고싶을 때 자주 방문하고 있어요. 백소정 마제소바 특히 좋아하는데 매콤하면서 감칠맛이 나는 소스에 면은 쫄깃하고 면을 반정도 먹고 다시마 식초 뿌려서 먹으면 다양한 맛을 즐길 수 있어요. 가성비 좋고 분위기 좋은 일본식당을 찾으신다면 백소정 추천드릴께요.",체인이라 평타는 합니다만.개인적으로 아쉬웠지만 직원분들이 친절하셔서 좋았습니다.
짭니다... 짜요!! 학생들을 어여삐 여기시는 푸짐한 양과 놀라운 퀄리티의 돈까스에 소금콸콸콸 물을 부르는 맛이었습니다. 친절한 서버분과 인자한 주방 이모님의 모습이 야속하게 느껴집니다. 죄송합니다 소금 두숟갈만 덜 들어간다면 연돈 뺨 타다닥 두번 때릴 수 있는 곳입니다. 밥이 고슬고슬 진짜 좋았는데 밥나오고 십분 이따가 가츠나베 나와서 가츠나베 나오기 전에 단무지에 공기밥 한그릇 뚝딱 먹었습니다 이래저래 미워하기도 좋아하기도 어려운 딱 요즘 여름날씨같은 곳입니다,사장님 짱 친절하시고 다 먹은 사람한테만 서비스로 죽 주시는 거 넘 좋았어요 저희는 안 남기고 다 먹었지만 넘 배불러서 죽은 요청 안 했습니다. 환경오염 심각한 요즘 이런 가게가 더 많아져야 한다고 생각해요. 미션이라고 설명해주시는 짧은 시간조차 듣기 싫은 사람은 방문하지 마세요.,맛있고 좋아요,맛있어요 2층매장넓고 혼밥하기좋은듯요재방문하고싶어요 넘맛나서~~^^,굿,메뉴가 다양하고 맛있어요~,가성비 진짜 최고!!남편이 워낙 좋아해서 한 달에 한 번은 꼭 가는 거 같아요 ㅎㅎ,사진 찍을 생각 없다가 한입 먹어 보고 바로 사진 찍었습니다. 살면서 먹어본 에비동 중에 새우튀김 퀄리티가 가장 좋았습니다. 사장님이 조리에 신경 쓰신 게 느껴졌습니다 ㅎㅎ,마제소바는 백소정이 원탑이에요. 마제소바를 백소정에서 첨 먹어 보고너무 맛있는거에요. 그래서 다른 곳들 가서도 주문해 보고는 실망한 적이 꽤 있었거든요. 그 뒤론 마제소바는 무조건 백소정에서만 먹어요. 금액도 좋고 매장 깔끔하고 셀프바도 편해서 자주 가는 집입니당,찜닭은 봉추찜닭이죠 👍 누룽지밥과 함께 먹으면 더 맛있어요
"좋은 평가 써주신 분들이 많은데, 전 왜 같은 경험을 못하고 왔을까요... 수련회에서 올라간 산에서 먹는 단체주문 도시락 속 돈가스 반찬 처럼 퍼석퍼석하고, 조금 식어있고, 고기질은 떨어지는 맛이 나는 것 같아요...음식으로 까다롭게 구는 편은 아닌데, 도저히 씹고 삼키기가 힘든 느낌이 들더라고요ㅠㅠ 냉우동은 별로 시원하지가 않고, 면은 조금 설익은 맛인 나는 것 같았어요... 주변에 놀러가면서 평점 보고 갔는데... 기분이 안좋아지는 느낌이었어요..",친절하고 좋아요.,내찜닭 언제나 실패없는 맛,2번째 방문입니다!가성비 좋고 맛있어요!,맛있는데.. 좀 더워요,가성비 좋고 맛도 괜찮아요. 친절하시고 좋아요~,계란말이 굿,올 때마다 항상 맛있게 먹고 갑니다 👍🏻👍🏻👍🏻,남편이랑 오랜만에 신촌 찐맛집 찾았네요. 치즈카츠랑 붓가케 뭐 하나 빠지는거 없이 다 맛있게 잘 먹었어요. 돈까츠 폼 미쳤다부드럽고 속도 꽉 찬게 느끼하지도 않고넘넘 맛있어요 ㅠㅠ재방문의사10000프로!!!!,보통맛 시켰는데 적당이 매콤하고 맛있어요~누룽지 시켜서 국물에 비벼먹으니까 굿입니다~~
아주아주 오랜만에 방문 새로운 곳으로 이전하셨더라구요~학생들로 꽤나 붐볐는데 순환과 서비스는 좋은편돈까스 소바 세트를 시켰는데 소바는 면이 너무 삶아져 흐물흐물하고.. 돈까스도 순살돈까스가 아니라 갈은고기로 만든듯한 부재료가 많이 섞인듯한 맛.. 가성비는 좋지만 재방문은 안할듯 해요,사장님이 굉장히 친절하시고 테이블 간격도 여유로운 편입니다. 칼국수는 약간 칼칼하지만 맵진 않은 편이며 칼국수를 남기지 않으면 죽을 서비스로 주시는데 양이 너무 적지도 많지도 않고 딱 알맞는 것 같습니다.,연세대 앞에서 편하게 먹기 좋아요,언제나 맛있는 타코벨 ❤️가성비 좋고 맛있어용,맛있어요,여기가 맛있다고? 네이버별점도 믿을게못된다. 저렴해서 가겠지,학교 근처라 학생들이 많고 특히 남학샹이 많네요 남자들이 좋아하는 메뉴,"메뉴 설명과 다르고 심히 불친절. 다시는 안갈거고 누가 간다면 말릴거에요. 치즈가츠동 시켰는데요. 설명에 ’모짜렐라 100% 생치즈‘ 라고 적혀있고 사진도 모짜렐라로 되어있었는데...그냥 네모난 치즈가 나와서 좀 당황스러웠어요. 직원분께 모짜렐라 치즈 맞나고 물어보니 ’아메리칸 치즈에요‘하곤 별말 없으셔서 메뉴 설명과 다르다고, 바꿔야할거 같다 말씀드렸더니 절 쳐다보지도 않고 지나가면서 ‘네’ 이러고 끝이네요. 정말ㅋㅋㅋ 쓰면서도 어이없고 화나요. 당연히 사과 먼저하고 메뉴 다른거 해명하는게 맞지 않나요??기분 너무 나빠서 진짜 리뷰 원래 안남기는데 쓰려고 사진찍으니까 갑자기 테이블에 있는 모든 메뉴판 챙겨서 열심히 네임펜으로 고치더군요. 사과 한마디 없이 발뺌하려는거 같아서 더더 기분 나빴어요","신촌 백소정에 아이와 방문했는데요! 아이가 처음 먹어보는 메밀소바에요!처음 먹어보기에 잘 먹을까, 맵진 않을까 싶었는데요.아이가 너무 맛있게 잘 먹어요!간이 세지않아 아이가 먹기에도 좋고 양이 많아 어른과 나눠먹기도 너무 좋았어요!마제소바는 좋아하는 메뉴인데 정말 맛있어요!약간의 밥도 주셔서 든든하게 먹을 수 있어 좋았습니다!",닭고기도 부드럽고 시원한 동치미에 찜닭 맛있게 먹고 왔어요.
재방문해서 카레가츠나베 주문했어요. 걸쭉한 카레가 아닌 약간 국 같은 느낌인데 카츠랑도 잘 어울리고 밥이랑 먹기도 좋았습니다. 깍두기가 아주 맛있게 익어서 두 번이나 먹었어요. 브레이크 타임이 없는 곳이라 어정쩡한 시간에 가도 식사할 수 있어서 좋습니다.,사장님 친절하시고 맛있게 잘 먹었습니다! ㅎㅎ 다먹으면 죽이 서비스!,먹는중에 비계쪽에 닭털 안뽑혀있는거 보고 밥맛 다떨어졌어요 일반적이라고 하시는데 ㅋㅋ그럼 드셔보세요 비위짱ㅋㅋ,연대 앞 혼밥하기 좋고 엄청 빨리 나와요,항상 맛있게 잘 먹고있어요,후기가좋아서 갔는데 너무짜고 자극적이었어요곱창도 질기고 별로였음,매번 방문하지만 너무 너무 맛있다. 강추해요…!!!,규동 맛있게 잘먹었어요!,연대 갔다 들른 신촌 맛집.신촌 맛집 검색하니 백소정 여기가 나왔어요~갔더니 브레이크타임 40분전.다른 곳 생각하지 않고 갔던지라식사시간 빡빡해도 먹기로 결정했어요.일단 매장 깨끗하고 분위기 괜찮아요. 양도 많고 맛도 좋아 가성비 좋은거 같아요.신촌 맛집 연대 돈까스하면백소정 여기 떠올릴듯요~~,"늦게 나온거에 비해 너무 싱겁고 간이 안베어 있었어요, 봉추 좋아하는데 오늘은 좀실망이었어요"
"살면서 안좋은 리뷰 거의 안쓰는데 여긴 써야겠음.돈까스에 무슨 고기 쓰는지 모르겠는데, 전혀 돈까스 맛이 아님;; 질겅질겅한 식감인데... 무슨 혼합육 쓰시는건지 살면서 먹은것 중에 진짜 최악... 돼지고기가 맞긴한가요? 새우튀김은 탄맛나고.. 먹다가 속안좋아져서 절반이나 남김. 밑반찬 국물은 소금을 쏟아부었는지 엄청짜고, 단무지는 무르고... ㅋㅋ 안가는게 좋아보여요",맛있어요,좋아요,너무 맛있어요  타코벨 강추 합니다!!,맛있어요 불이 쎄여,잘먹었습니다,신촌 김치찌개 맛집백채김치찌개~계란말이도 맛있었습니다,신랑 전 직장 다닐 때 단골이었어요. 가끔씩 저도 생각나서 종종 가요!! 아직도 잊지 않으시고 넉넉하게 서비스 챙겨주시는 사장님의 넉넉한 마음이 늘 감사해여!!! 오늘도 넉넉히 서비스 챙겨주셔서 배터지는 날이네여 ^^b신촌 이대 주변 상가들이 텅텅 빈 곳이 많아서 속상했는데 힘든 시기에 잘 버텨주셔서 넘넘넘 고마워요!!! 언제나 흥하셔요!!!,"신촌 맛집 연세대 돈까스 맛집인 백소정 신촌점에서 즐거운 저녁시간을 보냈는데요!마제소바와 돈카츠, 에비텐 모듬카츠를 주문해서 먹었는데 정말 든든하게 먹을 수 있어서 좋았고 특히 돈카츠는 큼지막한 돈카츠에 튀김옷이 얇게 입혀져서 겉바속촉의 끝판왕인 맛이라 꿀맛이였습니다! ㅎㅎ",당면넣은 찜닭밥비벼 먹으면 맛있어요 밥  위에 당면 그리고고기와  김치 올려 먹어야 맛있어요
돈까스가 눅눅해서 아쉬웠지만신촌나들이로 매번 가는 프렌차이즈가 아닌 식당이라 좋았어요.,친절한 사장님들이지만 살다살다 내돈을 주고 사먹는데 그렇게 융통성 없는 식당은 처음 보았습니다.처음 서빙해주시면서 샤브칼국수를 다 먹으면 죽을 서비스로 준다고 하셨습니다. 그래서 음식을 다 먹고 개인접시에 몇조각의 버섯만 있었습니다. 그런 상태에서 다 먹었다고 죽을 달라고 요청했는데 죽 재료를 준비하시고 오시더니 앞접시에 남긴 버섯을 보고 아직 다 안드셨다고 말씀하시고 다시 돌아가시더군요. 그래서 돈을 줄테니 죽을 주문하겠다고 하니까 음식을 남기면 그것마저 안된다고 하더군요.네. 사장님들이 운영하시는 곳이니 신념대로 하는 것은좋습니다. 하지만 저와 같이 내돈주고 먹겠다는데 기분이 상해서 오는 사람이 없으면 좋겠어서 이런 리뷰를 처음 써봅니다. 무한리필 샤브집으로 가서 먹는게 더 편할겁니다^^,맛나용,신촌에 타코벨 있어서 너무 좋아요 매번 들려요😉,고기가 상당히 맛있어요 맛집,인테리어가 너무 예쁜데 음식까지 예쁘게나와요ㅠㅠ 곱창대창 들어간 특이한 메뉴도 있었는데 다음에 먹어보고 싶습니다..!! 구성이 참 알차서 좋아요 단호박스프 테이스티해여,고기가 신선하고 맛있어요.  2인세트 계란말이까지 먹었는데 또 먹고 싶어요,친절하세요,돈까스 정말 좋아하는데 역시 연대 근처 돈까스 맛집으로 소문난 이유가있더라구요. 양도 정말많고 맛도 정말 맛있었습니다. 치즈 돈까스도 넘 맛있고 전체적으로 매장이 깨끗하고 친절해서 기분좋았어요.,찜닭 맛있어요. 양은 예전보다 좀 줄어든 것 같아서 살짝 아쉬워요.
왜 별점이 높지? 면상태가 완전 최악.메밀 - 메밀 진짜 자주 먹는데 이건 이질적이다 느껴질 정도로 툭툭 끊어지는 식감. 어석?한 묵같은 느낌. 면에 뭔 말인가 싶지만 식감이 진짜 메밀면에서 처음 겪는 최악의 식감이었음.냉우동 - 이건 메밀보다 심함. 겉은 푹 익은 식감인데 속은 덜 익은 딱딱한 식감. 돈까스 - 이건 바삭하고 고기 실하고 괜찮음.후에 손님 많이 들어와서 따로 컴플레인은 안 했는데 그냥 다 남겼어요. 진짜 최악의 식사. 왜 손님이 많지? 우리 것만 이상하게 나온건가? 주문한 것 중 콜라가 제일 맛있었음. 홍대 음식점 중 가격대가 괜찮다고 가지마세요. 휴게소에서 3천원에 팔면 그나마 이해할만한 맛. 진짜 돈 아깝고 짜증나요.,굿,맛있어요!치즈가 짱맛ㅎㅎ,"브리또는 또띠아 타코는 피가 너무 두껍워서 타코인지 몰랐네요 가성비는 모르겠네요 이렇게타코 브리또 나초 콜라 17,000원 이였습니다",넘 맛있어요.,탄탄면♡,너무 너무 맛있어요… 강추합니다…!!!,혼밥하기 좋은 집입니다. 맛있어요 근데 제입맛에는 조금짜서ㅠㅠ짠거싫어하신분들은 조심하세용,신촌 현백갔다가 냉모밀 먹고 싶어서 근처 찾아서 방문했어요! 매장이 진짜 넓고 연세대학교 앞에 있어서 그런지 사람이 진짜 많더라구요! 그만큼 맛있다는 뜻인거 같았는데 진짜 맛있었어요! 돈가스 메밀조합은 진짜 맛없없이잖아요! 아직 날 더운데 시원하데 점심 잘 먹고 갑니다 다음번에는 마제소바 먹으러 오고 싶어요,양도 많고 맛있었어요
냉소바 진짜 너무 맛없어요. 리뷰 쓰려고 영수증 챙기는 거 처음이에요. 국물에 그냥 얼음 띄워주는 것부터 이상하다고 생각했는데 아니나다를까 국물은 너무 미지근하고 간도 밍밍하고 면에서 메밀맛밖에 안나고 최악이었습니다.. 다른 리뷰 보니까 다들 비슷하게 말씀하시던데 안 바뀌었나보네요. 가게를 위해서라도 냉소바 제조법은 바꾸시는 게 좋겠어요.,"신촌 대학생이면 다 아는 도칼,,,🤤사장님이 되게 다정하셔서 먹고 나오면서 기분이 좋았어요 ㅎㅎ 음식을 다 먹으면 죽을 서비스로 주시는데 이 죽이 정말 맛있어요 !그리고 면이 도토리 면이라서 그런지 소화도 잘 되어요. 먹었을 때 속이 편안해서 자주 가고 싶은 곳이에요ㅎㅎ",ㄴㄷㄴㄷㄴㄷㄴㄷㄴㄷㄴㄷ,가성비가 좋은지는 잘 모르겠네요 가격에비해 양이 적어요매장은 넓고 혼밥하기 좋았습니다,가족들과 오랫만에 신촌나와서 외식했네요~ 신랑이 자주가는 단골집이라 왔는데…맛있게 잘 먹었습니다.,스테이크덮밥의 고기가 잡내없이 부드럽고 맛있습니다. 실내인테리어도 멋집니다.,푸짐하고 맛있어요.,굿,마제소바 돈까스 자루소바 맛집! 항상 가면 만족하는 곳이예요 여기 마제소바 너무 맛잇고 밥까지 비벼먹어야 코스가 완성되요 ㅎㅎ 돈까스도 넘 잘튀기고 겉은 바삭하고 안에 고기 엄청 좋은거 쓰시는게 티남요👍 치즈돈까스 치즈도 좋은거 쓰셔서 엄청 부드럽고 고소해요.. 추천합니다,내가 아는 봉추찜닭에 비해 너무 국물이 많고 찰랑거려서 당혹스러웠음 .. 그래서 그런지 맛도 좀 약한 느낌 더 졸여달라고 하려다가 참았어요. 맛은 그냥 저냥 .. 봉추찜닭도 점바점을 타나봐요 실내가 에어컨 틀어져있어도 엄청 덥고요 ... 저라면 다른 지점 갈 것 같아요 재방문 의사는 .. 글쎄요!
김치가츠나베 먹어봤습니다. 맵지 않고 달달한 편인 것 같아요. 김치도 먹기 좋은 크기로 잘려있어서 좋았습니다. 돈까스도 크고 두툼해요. 아주 빠삭하게 튀겨진 끄트머리를 먹는데 고소하고 맛있었습니다. 직원분들도 친절하시고 맛도 괜찮아서 다른 메뉴도 먹어보러 재방문 할 예정입니다!,맛이좋아요,가격도 저렴하고 sns이벤트도 하고 있어서 무척 좋아요👍🏻👍🏻,너무맛있어요 타코먹으러 또오려고요!,굿,맛은 있긴 한데 단새우가 너무 작고 갯수도 메뉴판의 사진보다 하나 적어서 아쉬웠어요..ㅠ,너무맛잇어여!,20대 때 가보았던 추억의 식당. 여전히 맛있었습니다.,"와 여기 뭐에요 백소정 이렇게 넓고 깨끗한 지점은 첨 봅니다.일하시는 분들도 친절하시고, 매운 마제소바 새로 나왔길래 돈카츠 세트로 시켜봤는데 매콤하니 맛있어요!! 양도 많고 가격도 착하고 신촌 맛집인데요!!? 여기 자주 오고싶어요👍",맛나요
가격대비 퀄리티 너무 좋아용 음식 너무 맛있어요!! 하지만 사람많을때 갔더니 좀 시끌시끌하고 정신없었습니다 직원분들 친절하셔서 좋아용.,감사합니다항상 건강한 맛으로 보답하려고 노력하겠습니다정성을 다해서 깨끗하고 깔끔하며 한결같은 모습으로 보답하겠습니다미션을 통해서 다음세대에 도움이 되고저 하오니 협조해주시기 바랍니다감사합니다,Good,매번방문하는 믿고먹는 타코벨♥️,,명절이라 문연 곳이 많지 않아 서칭을 통해 다녀온 식당~  생각보다 맛있었어요! 다음에 또 가고싶네요,공복으로 병원들렀다가 가는 곳이예요. 배가 고파서인지 더 맛있게 먹었네요. 몇 번 갔는데 갈 때마다 들어간 고기량이 좀 다른 것 같긴 해요;;;,좋아요,"백소정 진짜 너무너무 맛있어요우동이랑 마제소바랑 돈까스 미쳤음신촌에서 데이트하는데 밥먹으러갈때 없다 싶으면 무조건 여기로!메뉴가 많아서 선택권도 많고, 매장넓어서 웨이팅할 확률도 적어요 ㅎㅎ","배달로 먹었을 때도 맛있었는데 , 매장에서 먹으니 더 맛있네요."
음식이 담겨나오는 도자기 그릇들이 특이하고 예쁩니다.  테이블위에 큐알코드로 주문을 하는 시스템입니다. 냉소바나 냉우동은 간도 적당하고 맛도 괜찮은데 아주 차갑지도 따뜻하지도 않은 그 어디쯤의 온도....에어컨으로 인해 창문을 못 열어서인지 실내에 튀김기름냄새가 좀 많이 나는게 조금 아쉽습니다.,"하나도 남김없이 다 먹으면 주는 죽 김치랑 먹으면 너무 맛있음...🤦🏻‍♀️근데 잔반 검사가 은근 까다로워서, 소식좌들은 고려해보세요ㅋㅋㅋ",찜닭은 내찜닭이용..🤎,맛있어요! 잘 먹겠습니다 ^^,,"스테이크덮밥(10500원), 마제소바(9800원), 새우로제생명파스타(13800원) 먹었어요.마제소바 맛있어요!! 사람 너무 많지 않아서 좋아요.",찌개 진짜 맛있어서 자주 생각나는 맛이에요..!! 김치찌개 생각날때마다 옵니당ㅎㅎ 계란말이도 양 진짜 많고 보들보들 맛있어요👍,제가 돈부리를 좋아해서 홍대돈부리는 열군데 넘게 갓는데 제일…퓨ㅠㅠㅠㅠㅠㅠ규동에 원래 날계란 올라가지 않나여? 혹시나 해서 다른 지점 사진도 봣는데 날계란이든 삶은계란이든 올라가는데 여기는….ㅠㅜ,신촌맛집을 찾아보다가 방문했어요~내부도 깔끔하고 직원분들도 친절하셨습니다! 그뿐아니라 주문한메뉴 모두 맛있었을만큼 찐맛집! 마제소바도 조합이좋고 바삭하게 튀겨진 돈까스는 고기가 부드러워서 좋더라구요ㅋㅋㅋ다음에도 또 방문할게용,봉추찜닭 너무 맛있어요맛도 양도 다 좋아요 ^^
"최악이예요. 좋은리뷰는 되도록 쓰되, 안좋은 리뷰는 웬만하면 안쓰려고 하는편인데 너무 최악이라 씁니다. 기본적으로 테이블에 큐알코드주문으로 테이블링큐알이랑 네이버큐알이있는데 네이버큐알은 보지도 않을거면서 왜 뒀는지 모르겠어요. 우리테이블보다 늦게온 테이블이 먼저먹는걸보고 가서말햇더니 그제야 직접 주문을 넣어주네요. 리뷰쓰는 지금도 주문이 안들어간상태예요. 콜라는 제로콜라로 포스기에 찍는거까지봤는데 그냥 콜라에 다른테이블은 컵을 말안해도 갖다주던데 우리는 말해야 그제야 갖다주고 세상 살다가 손님한테 이빠진 그릇 내놓는 곳은 또 처음이네요. 야채는 싱싱하지않고 메밀소바는 맛이없어요. 정말 무맛이예요. 고기는 돼지고기인지 뭔지….좀 이상했어요 가공육 혼합육 같은느낌…진짜 돈만버린느낌이라 굳이 직접 리뷰를 씁니다",도토리 면으로 만든 칼국수. 국물도 담백하고 맛있음. 칼국수 집 핵심인 김치도 맛있어서 흡입. 게다가 사장님도 너무 친절하셔서 기분 좋은 한끼 먹음 추가로 음식 안 남기면 나오는 서비스 죽까지 올 클리어,완전 단짠단짠달고 짜서공기밥 2공기 먹어야댐,"너무 맛있어요팁!!! 포장 할때 비닐봉투 요청 하시고, 콜라는 캔으로 요청 하세요",,맛있어요,여기 김치찌개진짜 맛나요~^^,최고입니당. 특히 감자고로케 완전 추천드려요~,시원한 냉소바 먹으러 왔어요!! 치즈모둠카츠&냉소바 세트 구성도 알차고 맛도 최고❤️돈카츠 부드럽고 입에서 살살 녹아용 냉소바도 얼음동동 시원하니 여름에 먹기 딱이네요!! 신촌에서 소바+돈카츠 먹고 싶을 때 강추~!!,굿굿
주문하고 30분이 다 되도록 서빙이 안와서 여쭤보니 누락되었어요. 재차 여쭤보니 그제서야 요리하시는거보고 황당했습니다. 매장이 큰 편도 아닌데 누락하실거면 테이블링 왜 쓰시는건지 의문이네요. 주문한 김치치즈가츠동은 양은 많으나 짜서 중간에 남겼습니다. 재방문 의사는 없어요,근처 근무하며 몇 번 갔는데 갈수록 심해지시네요... 제가 제 돈 내며 밥 먹는데 탈락이니 뭐니 소리를 왜 들어야 하나요..? 죽 빼면 딱히 가성비 있는 가격도 아닌데 밥상머리에서 탄소배출량이니 음식물쓰레기 줄어든 소리를 왜 손님인 제가 들어야하는지 모르겠네요. 분할결제 한다고 뭐라 하시질 않나.. 장사 망해도 신념 지키시겠다고 하시던데 그래서 갈수록 손님이 주나봅니다. 저도 다시는 안갈 것 같네요.,"찜닭 먹고싶을땐 신촌까지 갑니당ㅎㅎㅎ 맵찔이라 보통맛으로, 매번 순살치즈찜닭 픽!🐔 찜닭중에 내찜닭 제일 좋아해요~❤️",메뉴도 다양하고 세트메뉴로도 구성되어있어서 먹기 좋아요 ! 타코벨이 이젠 많이 없어졌는데 신촌에 있어서 너무 좋아요 ㅜ,,ㄲ,너무 너무 맛있고 가성비가 좋아요… 가격이 오르지 않고 쭉 가기를…!!!,굿,"돈가스 뿐만 아니라 다양한 메뉴가 있고 사이드메뉴도 있어서 골고루 먹기에도 좋고 가격대가 비싸지 않아 가성비도 무척 좋더라구요. 맛있게 즐길 수 있었어요. 매장도 크고 넓어서 혼밥하는 분들, 단체분들 다양하게 많더라구요. 튀김옷 두껍지 않고 아주 맛있음.",순살 너무양이적어요ㅎㅎ누릉지는맛있어요
"불친절한 서버와 짜고 덜익은 우동, 오래된 기름으로 튀긴 돈까스의 환장의 콜라보맛: 우동이… 면이 덜익어서 너무 질겼습니다..씹는데 턱근육이 아플정도였어요 ㅋㅋ국물은 리뷰보고 조금 짤수도 있겠다 싶었는데 조금 짠게 아니라 너무 짜서 못먹을 정도던데요…국물 마시면 나트륨 한사발하는 느낌이랄까..물론 깊은맛도 당연히 없습니다.그리고 돈까스…많이 재탕한 기름으로 과하게 튀겨져 나왔어요..사진처럼 돈까스가 바싹 말라있었습니다.특히 젊은 여자서버(머리길고 앞머리 자른분)분의 불친절함에 기분이 너무 나빴네요.. 가게에 들어왔는데 어서오세요는 커녕 사람이 왔는지 신경도 안쓰고, 뚱한표정, 요청하려 눈보면 회피하고, 음식은 던져놓고 말없이 휙 가시더라구요. 기본적인 서비스정신이 너무 부족한것 같습니다.",맛있고 사장님이나 카운터에 계신 직원분이나 다 좋아요 그런데 비건 메뉴 시켜도 김치로 먹겠냐 비건 반찬 먹겠냐 물어봐주면 좋겠어요 왜냐면 우리는 완전 비건 아니고 페스코였음.. ㅎㅎ 암튼 근데 그 서빙하는 분 중에 한 분이.. 다 좋은데.. 말을 약간… 가르치다시피…? 하시는 분이 계셨는데 아주 유쾌하진 않았음… 그게 안 친절하거나 막 그런 느낌이라기 보다는 단어 선택이 좀 잘못된 그런 느낌… 암튼… 그거 빼면 뭐 여기야 좋지,맛있어요,맛있고 매장 쾌적하고 직원분들도 친절하세요,,굿,지나가다 방문했는데 추운날 아주 딱이였어요👍👍👍,역시 맛있어요!,남편이랑 근처에 볼일 있어서 오랜만에 신촌 갔다가 방문했어요! 둘 다 돈까스러버라 방문했는데 모짜렐라치즈돈까스 너무 맛있구요~더워서 함께 주문한 소바도 너무 맛있었어요! 가격도 가성비 있어서 재방문의사 100%입니당!!,오랜만에 찜닭. 음~맛있다.
와 사케동 오랜만에 먹으러왔는데 맛이 일품이네요.. 변하지않는 가무네우동 매일오는데 앞으로도 계속자주오겠습니다,대학 때 좋아하던 곳인데 졸업하고 옮긴 곳은 처음 와 보네용ㅎㅎㅎ 여전히 친절하신 사장님과 예전처럼 맛있는 칼국수... 잘 먹었습니다! 1인분도 돼서 더 좋아요.,오랸만에 잘먹고가오,오랜만에 타코벨 찾아서 왔는데 매장도 넓고 너무 좋아요:),,굿,너무 맛있고 좋아요~~ 친절하세요,굿~,"마제소바+에비텐, 머쉬룸포크카레, 치즈모둠카츠, 에비텐어묵우동 네가지 메뉴 주문해서네식구가 맛있게 잘 먹고 왔어요😊직원분들 친절하시고 매장도 넓고 쾌적해서 좋았어요~~!!",ㄱㄴㄷㅂㅅㄴㄱㄷㅅㅈㅂㄴㄱㅅ쩨인점
"진짜 웬만해서 안 좋은 리뷰 안 쓰는데 너무 돈 아까워서 남깁니다.. 여기는 홀 서빙 직원이 있지만 직원에게 메뉴판을 받아서 말로 주문하는 게 아니라, 각 테이블에 있는 큐알로 주문을 넣는 방식이길래 주문하고 기다렸는데요. 정말 20~30분이 지나도 감감무소식이라 설마 주문이 안 들어갔나 해서 직원분께 말씀드렸더니 그제서야 확인하고 만드시더라고요 참... 저희보다 늦게 온 손님들 음식 먼저 나가는 거에 한 번, 음식도 너무 짜고 별로여서 두 번, 마지막까지 적절한 대응이나 서비스를 전혀 받지 못해서 세 번 화가 났네요...... 더운 날에 많이 걷다가 첫 끼 먹으려고 했던 건데 이런 식으로 장사하시면 안 될 것 같아요. 개선이 많이 필요해보이는 가게입니다.",두개시켜서 셋이먹어도 좋을듯요고기추가,맛있고 양일 많아요,음식이 너무 맛있고 타코 생각난 다면 여기로 올꺼같아요!!❤️,,"우단스 정식 먹었어요! 산해진미 가득한 덮밥에 반찬들까지 푸짐한 한끼에요 점심 한정수량만 판매하니까 더 행운가득한 느낌,,ㅎㅅㅎ 또 올게요>_<",저번주에오고 또왓어요 너무맛잇어요계란말이도 맛잇구 김찌도 넘맛나용🩵,맛있어요,모든 메뉴 다맛있네요.^^  백소정 첫방문인데 마제소바는 탱글탱글한면에  양념까지 싹싹 비벼먹었습니다.재방문의사 있습니다.,맛있어요
냉소바 진짜 맛있어요덥밮류도 맛나요강츄! 사장님도 엄청 친절하셔요단무지도 맛나요ㅎㅎ,특별하지 않은 맛이나 맛나요,닭 맛남,가성비 갑입니다타코 푸짐하고 재료가 신선해서 좋았어요매장은 조금 지저분했어요,,진짜 맛있었어요 또먹고싶네요 그땐 고기 더 익혀달라해야지,진짜 맛있고 사장님이 친절하세요 !! 양도 많아서 가성비 맛나게 잘먹었습니다 😊,굿,예약 없이 갔는데도 방학이라 그런지 자리가 좀 있었어요 워낙 소바로 유명한 곳이다보니까 냉소바은 말할 것도 없이 맛있었어요! 마제소바도 있어서 먹어봤는데 제가 먹었던 지점 중에서 제일 맛있었던 거 같아요ㅎㅎㅎ 점심 메뉴로 딱 좋을 것 같아요~~,친구랑 갔는데 맛있게 먹었어요!
전체적으로 간이 센 편이네요하지만 맛도리이다,"“눈칫밥 먹고 싶은 분들만 가시실”먹기 전부터 한 올도 남기지 말라고 꼽 주시고버섯, 사리 남기지 않고 다 먹었는데풀 하나 남겼다고“미션 실패~! 입니다^^^ 손님 편식하는 버릇 고치려고 제가 일부러 그러는 거예요~ 괜히 그러는 게 아닙니다^^^” .......죽 서비스로 주는 건 알겠는데요죽 미포함 가격이라면 양 줄은 거에, 맛에, 손님 불편하게 같은 말 여러 번 하는 것까지가성비 떨어지는 것도 맞고요잔반검사(국자로 휘저으면서 뭐 하나 나오는지 다 체크)+편식 고친다고 선 넘는 잔소리 뇌절왜 내가 혼나면서 쿠사리 먹으면서 밥 먹어야 하는지3년 단골이었는데 이제부터 발길 끊을 거예요",ㄱㄴㄷㅂㅅㄱㄴㄷㅂㅈㄱㅅㄴㅂㄷㅂㅈㄱㅅ,매장이 넓고 음식이 맛있아요!,,굿,김치찌개 땡길때 와야겠어요,굿,,테이블이 몇팀 있지도 않았는데 주문을 누락해서 밥먹고 들어오는데 지각했네요…. 직장인들은 점심시간 1시간인데 너무한거 아니냐고요…. 손님이 많았으면 말도 안해 몇테이블 있지도 않았는데… 그리고 그렇게 오래 기다리게 했으면 음료수던 뭐던 서비스라도 줘야되는거 아닌가요…. 진짜 너무 어이없었고 근처에 다른 찜닭집도 세상 많은데 다시는 안갈거에요 정말.
주변 음식점에 비해 3-4천원 싸고 맛도 좋고 정말 친절하세요!,들어가자마자 잡내때문에 비위가 상했는데 맛은 딱 라면스트 탄 맛. 무조건 1인1주문이래서 도토리 칼국수 세개 시켰는데 고기고명은 찾아볼수 없고 ㅋㅋㅋㅋ 국물 밍숭맹숭…… 개존맛없음… 왜 장사를 계속 하고 있는지 이해가 안됨.. 사장할아버지는 개꼰대.. 간이 싱겁다고 못먹겠다그랬더니 어쩔티비하시네요 …. 포장해가래요… 맛없는데 왠 포장…? 한입도 못먹고 나왔는데 계산하고 가라고 소리질러서 그냥 드러워서 계산함….. 진짜 이런 가게 망해야함. 칼국수3인분은 조개구이 시키면 후식으로 먹는 바지락 칼국수 1인분보다 못한 수준입니다.,가성비굿굿,오랜만에 먹었는데 양이 너무적어요,,정갈하고 다 너무 맛있어요~~,음식도 맛있고 양 많아요,맛있어요!,,굿
,굳,,하바네로 퀘사디아 매콤하니 맛있어요!,,,"신촌에서 김치찌개 먹으러는 여기만 오는것 같아요!사장님은 항상 친절하시고, 음식도 맛있고 좋아요!😊",좋아요,,굿
,"혼자와서 소고기 등심 샤브칼국수를 먹을 수 있는 장점이 있습니다. 다만 테이블 수가 정해져 있어서 식사 시간 맞춰서는 사람들이 많아서 조금 빠르게나, 늦게 가면 괜찮을 것 샅습니다. 육수도 그리 맵지않고 고기나 죽 모두가 담백한 느낌이라 호불호가 있을 수도 있습니다.",,자주가는 곳인데요 넘 맛있습니다!,,,고기 많아서 너무 좋아요 밥 두그릇 먹었어요,"일단, 지하 내려가면서부터 습하고 오래된곰팡이 냄새.. 나가려다 시간이 없어 급  가게되었는데 홍대에서 먹었던 좋은 기억으로 갔는데밥이 잘 넘어가지 않앗다..가게 전체적으로 위생에 문제가 있을듯 보임..",,신촌에서 찜닭 먹을때 가장 먼저 생각나는 장소 중 한 곳 입니다너무 맛있어요 ^^
,도토리칼국수 다 먹고 죽도 먹으면 굿.,,하나먹음 배가 엄청 부르고 맛있어서 점심 시간때 자주 찾는곳크런치랩이 최애이지만 빨리 나와서 점심시간에 딱 이예요!,,,한 10분 정도 웨이팅하고 들어갔어요!! 신촌에 백채 생겨서 얼마나 좋은지!!! 생각날때마다 옵니당ㅎㅎ,굿굿,,프랜차이즈 자주가는곳
,조금 숨은 자리에 있지만 너무 맛있고 직원분들이 정말 친절하세요!! 저는 나중에야 알았는데 비건 옵션으로 변경도 된다네요~! 양이 정말 많아서 다 못먹고 나왔는데 담엔 꼭 만두랑 죽도 먹으려구요,,엄청 빠르고 친절해요><!!,,,이곳에서 모임하면 반드시 찾는 김치찌게의 정수를 맛볼 수 있는 곳으로 매우 강추한다. 절대 후회하지 않는다…!!!,좋아요,,굿
,너무 맛있네요~국물도 맛있고 면도 다 완벽하네요볶음밥도 맛있어요~자주 갈께요~번창하세요👍,,가끔씩 오는데 매장이 넓고 간편하게 먹을 수 있어서 좋아요,,,김치찌개 맛잇어요!!요즘은 고기를 잘라서 주더라고요! 잘라서 주지말라고 요청할수도 있어요,아부리사케동 먹었는데 생연어는 별로 안좋아하는데 연어를 토치에 살짝 구워서  불맛나고 너무 맛있었어요~~,,굿
,여기 2017년에 처음 오픈해서 사장님이 전단지 뿌릴 때부터 자주 왔었는데 많이 변했네요. 원래 죽 포함인걸로 알고 있는데 가격은 대폭 올리시고 죽은 '면 남김없이 먹는 미션' 수행해야 주신다고 하는거 너무 불쾌해요. 내 돈 주고 사먹는데 왜 잔반검사를 받아야 하는지 모르겠네요. 심지어 칼국수 덜어놓고 먹으면서 죽 만드는 것도 안된다시네요. 원래 볶음밥이나 죽은 이전거 먹으면서 만들어두는거 아닌가요? 늘어지게 먹는거 싫은데 왜 본인 방식을 강요하시는지 모르겠어요. 웃으면서 말하면 강요가 아니게 되나요? 덜어먹게 집게 달라고 하는 것도 국자로 떠먹으라면서 잔소리 하는 것도 이해가 안가요. 고기랑 버섯을 집게로 덜어먹지 그럼 국자로 뜨나요? 물컵 설거지도 제대로 안돼 있던데 여러모로 너무 실망스러워요.,,타코벨 러버에요보이면 무조건 들어갑니다프로모션 잘 이용하면 가성비로 한끼해결,,,2인세트에 밥도 무한이고 양이 진짜 많아요!푸짐하게 잘 먹었습니다술이 먹고 싶어지는 맛이에요 ㅎㅎ,맛있어요.필요하면 소스와 밥도 더 줍니다.,,싹싹먹었습니다ㅋㅋ 누룽지는 꼭드세요  두번 드세요
,맛있어요. 친절해요,,신촌가면 항상 찾게되는 타코벨~ 간단히 먹기 좋아요~^^ 멕시칸 음식은 사랑입니다!♡,,,양도 푸짐하고 정말 맛있어요!사장님도 엄청 친절하세요! 자주자주 오겠습니다!😊,정말 맛있어용 ㅎㅎㅎ 양도 많이 주셔서 감사합니당~~~ 😄,,맛있다는 후기 보고 찾아간건데감자는 너무 서걱 거리고.. 당면이랑 감자랑 양념에 전혀 맛이 배지 않아서 맛이 없었어요 그리고 동치미가.. 맛이 없을 무 입니다.. 아무 맛도 나지 않아요 개선 해주시면 좋을것 같습니다
,"도토리칼국수 면이 소화도 잘되고 국물도 맛있었어요! 양은 살짝 작은 감이 있어요. 배부르게 먹고 싶다면 양 많은 분들은 처음부터 면 사리 추가하시는 걸 추천해요. 사장님 철학으로 음식물 남기는 걸 금지하셔서 칼국수를 남기면 죽 서비스가 나오지 않으니 참고해주세요! 칼국수에 기본적으로 샤브샤브고기 조금, 죽에 계란이 포함되어 나오니 혹시 비건이신 분들은 미리 제외해달라고 이야기해야 할 것 같아요~",,,,,돼지김치구이 완전 맛있어요 소주안주로 최고 마무리 볶음밥까지 완벽해요,맛있게 잘었습니다.~~~~!!,,누룽지랑 같이 먹으면 너무 맛있어요 🫶
,신촌 찐맛집입니다 ㅎㅎ 특히 죽이 진짜 맛있어요,,,,,한달에 한번씩 오는 신촌 김치찌개 맛집입니다! 계란말이라 매우 맛있어요~!~!,맛있습니다!!,,으스고놉ㄴㆍ딧브
,신촌의 수많은 샤브샤브 중 울 아빠가 유일하게 맛있다고 극찬한 도토리샤브샤브 ෆ장점 1 : 건강하게 맛있는 맛 ! 자극적이지 않고 담백하면서도 깊은 맛이 나서 많이 먹어도 위가 편안함장점 2 : 신선한 재료 ! 저 버섯이 그냥 느타리가 아니라 좀 특별한 거랬음 사장님이.. 무엇보다 도토리 메밀면이 진짜 쫄깃하니 고소함장점 3 : 갓성비 ! 솥이 은근 깊어서 먹어도 먹어도 계속 버섯야채면이 나옴.. 다먹으면 서비스로 죽도 주시는데 그게 별미임 (접시에 덜어두는 거 안됨 다 먹어야함)장점 4 : 친절함 ! 사장님이 음식에 자부심도 있으시고 엄청 친절하세요 죽은 몇백번 저야하는 등 도토리만의 특색이 묻어납니다매장이 넓어서 단체모임하기도 좋고 1인분도 팔아요 든든하고 한 끼 먹고플때 매우 추천 ෆ,,,,,쏘쏘,조용해요 혼밥도 가능합니다,,친절해요
,"서비스 황당한집나는 추억의 잔반 검사를 당하고 싶다, 남기지 말라는 잔소리가 그립다 그런 불쾌함을 즐긴다 그런분들한테 추천드려요홀에 한테이블 밖에 없는데 손님이 가위 달라하니까 직원 2분이나 계신데 앉아서 엉덩이도 안 떼시고 앉은채로 고갯짓으로 저쪽에 있으니 가지고 가시라고 죄송합니다~ 다 먹었으니 죽 해달라고 부탁드린다 했더니 오셔서 국자로 뒤적여 국바닥 밑에 깔린 가닥까지 확인해 한 숟가락도 없이 다 먹어야지만 해서 안된다 하는데 너무 불쾌해요 무슨 잔반 검사하세요???그래서 안먹고 나가니까 멀리서 왜그냥가세요 드시고가세요~~~!! 최악",,,,,"전체적으로 평범하고 깔끔하게 맛있음. 계란말이 추억의 맛, 식혜도 달댠하니 맛있음.",가층동 너무 맛있습니다. 가게가 작다고는 하지만 인테리어 괜찮고 둘셋이서 가기는 충분합니다. 학교랑 가까워서 여러모로 자주 올것 같습니다.,,.
,,,,,,"너무 맛있고, 너무 친절하시네요~^^*",,,누룽지 추가 꼭 하세요!
,,,,,,여긴 진짜 신촌 베스트 김치찌개입니다!! by 쳡쳡박사,,,음식을 주문한지 40분만에 음식이 나왔는데 잘못나와서 다시 해달라고 요청했더니 30분 더 걸린다고 그냥 먹으란 식으로 말함사장은 나와보지도 않고 한국말도 서투른 아르바이트생이 혼자 응대하고 있음
,,,,,,진짜 강추합니다. 김치찌개의 진심인 이곳… 고기도 듬뚝… 실망하지 않습니다…!!!,,,좋아요
,,,,,,바람 부는날 드시면 좋아요  가성비도 좋아요~,,,맛있어요^^
,,,,,,혼밥러릉 위한 1인 세트 너무좋아요 고기 냄새도 안나고 맛있어요!,,,찜닭 땡기면 가요. 맛있어요.
,,,,,,,,,굿
,,,,,,,,,신촌점은 처음 가봤는데 먹을만 했어요
,,,,,,,,,키큰 알바 너무 불친절
,,,,,,,,,음식이 맛있는 가게
,,,,,,,,,누룽지 꼭 먹어야 함
